{
  "cases": [
    {
      "config": {
        "seed": 0,
        "N": null,
        "N_act": null,
        "B": 4,
        "T": 30,
        "gamma": 0.95,
        "alpha_w": 0.2,
        "alpha_pi": 0.0,
        "beta": 1.0,
        "sigma_mu": 0.2,
        "sigma_pi": 0.2
      },
      "summary": {
        "case": "C0_onpolicy_critic_only",
        "metrics": {
          "td_loss_est": {
            "start": 0.00012361064992749398,
            "end": 8.585954685795317e-05,
            "trend": "flat"
          },
          "w_dot_wr_over_n": {
            "start": 0.00014830726064217438,
            "end": 0.0006314608110094913,
            "trend": "up"
          },
          "cos_w_wr": {
            "start": 0.00894810969304336,
            "end": 0.03827639474986888,
            "trend": "up"
          },
          "mean_rho2": {
            "start": 1.0,
            "end": 1.0,
            "trend": "flat"
          },
          "tracking_gap": {
            "start": 0.0,
            "end": 0.0,
            "trend": "flat"
          },
          "theta_pi_norm": {
            "start": 0.13051990504203748,
            "end": 0.13051990504203748,
            "trend": "flat"
          },
          "theta_mu_norm": {
            "start": 0.13051990504203748,
            "end": 0.13051990504203748,
            "trend": "flat"
          }
        },
        "evidence": {
          "td_loss_down": true,
          "w_alignment_up": true,
          "rho_finite": true
        },
        "evidence_pass": true,
        "sigma_condition": true
      },
      "metrics_path": "outputs/base_check/20251229_180135/runs/C0_onpolicy_critic_only/metrics.csv"
    },
    {
      "config": {
        "seed": 11,
        "N": null,
        "N_act": null,
        "B": 4,
        "T": 30,
        "gamma": 0.95,
        "alpha_w": 0.2,
        "alpha_pi": 0.1,
        "beta": 1.0,
        "sigma_mu": 0.2,
        "sigma_pi": 0.2
      },
      "summary": {
        "case": "C1_onpolicy_actor_on",
        "metrics": {
          "td_loss_est": {
            "start": 5.0428232948087644e-05,
            "end": 8.028023372154532e-05,
            "trend": "flat"
          },
          "w_dot_wr_over_n": {
            "start": 0.001206073881332187,
            "end": 0.001702548778235368,
            "trend": "up"
          },
          "cos_w_wr": {
            "start": 0.07583838950031863,
            "end": 0.10695456987795933,
            "trend": "up"
          },
          "mean_rho2": {
            "start": 1.0,
            "end": 1.0,
            "trend": "flat"
          },
          "tracking_gap": {
            "start": 0.0,
            "end": 0.0,
            "trend": "flat"
          },
          "theta_pi_norm": {
            "start": 0.14588060540040093,
            "end": 0.1460038852749107,
            "trend": "up"
          },
          "theta_mu_norm": {
            "start": 0.14588060540040093,
            "end": 0.1460038852749107,
            "trend": "up"
          }
        },
        "evidence": {
          "theta_pi_changed": true,
          "tracking_gap_small": true,
          "rho_near_one": true
        },
        "evidence_pass": true,
        "sigma_condition": true
      },
      "metrics_path": "outputs/base_check/20251229_180135/runs/C1_onpolicy_actor_on/metrics.csv"
    },
    {
      "config": {
        "seed": 22,
        "N": null,
        "N_act": null,
        "B": 4,
        "T": 30,
        "gamma": 0.95,
        "alpha_w": 0.2,
        "alpha_pi": 0.1,
        "beta": 0.0,
        "sigma_mu": 0.35,
        "sigma_pi": 0.2
      },
      "summary": {
        "case": "C2_offpolicy_fixed_behavior",
        "metrics": {
          "td_loss_est": {
            "start": 0.00011952533685621208,
            "end": 0.00010536126474695543,
            "trend": "flat"
          },
          "w_dot_wr_over_n": {
            "start": 0.00033639774831214705,
            "end": 0.0007752566669211833,
            "trend": "up"
          },
          "cos_w_wr": {
            "start": 0.020638910826986698,
            "end": 0.04741554999441492,
            "trend": "up"
          },
          "mean_rho2": {
            "start": 1.8931188266408496,
            "end": 2.307316805734979,
            "trend": "up"
          },
          "tracking_gap": {
            "start": 0.6695870254061862,
            "end": 0.6696444941133685,
            "trend": "flat"
          },
          "theta_pi_norm": {
            "start": 0.13018704979783427,
            "end": 0.13029524073045734,
            "trend": "flat"
          },
          "theta_mu_norm": {
            "start": 0.7071067811863785,
            "end": 0.7071067811863785,
            "trend": "flat"
          }
        },
        "evidence": {
          "note": "evidence not enforced for this case"
        },
        "evidence_pass": true,
        "sigma_condition": true
      },
      "metrics_path": "outputs/base_check/20251229_180135/runs/C2_offpolicy_fixed_behavior/metrics.csv"
    },
    {
      "config": {
        "seed": 33,
        "N": null,
        "N_act": null,
        "B": 4,
        "T": 30,
        "gamma": 0.95,
        "alpha_w": 0.2,
        "alpha_pi": 0.1,
        "beta": 0.1,
        "sigma_mu": 0.35,
        "sigma_pi": 0.2
      },
      "summary": {
        "case": "C3_offpolicy_tracking_beta_small",
        "metrics": {
          "td_loss_est": {
            "start": 1.779658701686145e-05,
            "end": 7.987397875313137e-05,
            "trend": "flat"
          },
          "w_dot_wr_over_n": {
            "start": 3.396453792799158e-05,
            "end": 0.0005507578141377954,
            "trend": "up"
          },
          "cos_w_wr": {
            "start": 0.0021184217842507022,
            "end": 0.03432813201941787,
            "trend": "up"
          },
          "mean_rho2": {
            "start": 1.730701067414644,
            "end": 2.0601482095981636,
            "trend": "up"
          },
          "tracking_gap": {
            "start": 0.6833139652062888,
            "end": 0.00017873502880047778,
            "trend": "down"
          },
          "theta_pi_norm": {
            "start": 0.14465947879639265,
            "end": 0.14472471445592397,
            "trend": "up"
          },
          "theta_mu_norm": {
            "start": 0.7071067811863745,
            "end": 0.14473807908402114,
            "trend": "down"
          }
        },
        "evidence": {
          "note": "evidence not enforced for this case"
        },
        "evidence_pass": true,
        "sigma_condition": true
      },
      "metrics_path": "outputs/base_check/20251229_180135/runs/C3_offpolicy_tracking_beta_small/metrics.csv"
    },
    {
      "config": {
        "seed": 44,
        "N": null,
        "N_act": null,
        "B": 4,
        "T": 30,
        "gamma": 0.95,
        "alpha_w": 0.2,
        "alpha_pi": 0.1,
        "beta": 0.5,
        "sigma_mu": 0.35,
        "sigma_pi": 0.2
      },
      "summary": {
        "case": "C4_offpolicy_tracking_beta_mid",
        "metrics": {
          "td_loss_est": {
            "start": 9.511883547145254e-05,
            "end": 6.917551513265241e-05,
            "trend": "flat"
          },
          "w_dot_wr_over_n": {
            "start": -0.0022285102099809497,
            "end": -0.0016744403046916184,
            "trend": "up"
          },
          "cos_w_wr": {
            "start": -0.1292234320792913,
            "end": -0.0977214752430057,
            "trend": "up"
          },
          "mean_rho2": {
            "start": 1.7567662904454429,
            "end": 1.834743591730202,
            "trend": "down"
          },
          "tracking_gap": {
            "start": 0.38785628029550095,
            "end": 4.189079778701953e-05,
            "trend": "down"
          },
          "theta_pi_norm": {
            "start": 0.13751253371653455,
            "end": 0.1375447918587655,