iter,stability_proxy,power_iters,batch_size
0,0.9999925544361736,20,512
1,0.9999930626767822,20,512
2,0.9999920359481093,20,512
3,0.9999925451099421,20,512
4,0.9999934827737278,20,512
