iter,stability_proxy,power_iters,batch_size
0,0.9999913415688266,20,512
1,0.9999904661514252,20,512
2,0.9999895647228351,20,512
3,0.9999916150483005,20,512
4,0.9999917340584825,20,512
