iter,mmd2,mmd_sigma,mean_l2,num_samples
49,0.008801590869221165,2.3601655677194415,0.3155495111071661,4096
