iter,mmd2,mmd_sigma,mean_l2,num_samples,dist_action_kl,dist_action_tv,action_samples,rho_mean,rho2_mean,rho_min,rho_max,rho_p95,rho_p99,rho_clip,rho_clip_active
5,0.005939713324005447,2.3539040490833747,0.24938052603657052,4096,0.042995237205547175,0.11281145562084752,64,1.1487546784601863,1.3287919895266198,1.0576204852482027,1.361064369945724,1.336247892387577,1.3567211227476834,10.0,1.0
9,0.009514660752081072,2.355943920482987,0.30640452656733047,4096,0.042995237205554884,0.11295739984207054,64,1.1476974312705703,1.3260164945718547,1.0570760889761064,1.3610995409452982,1.333178081830154,1.3539238821453967,10.0,1.0
