iter,w_gap,w_sharp_drift,w_sharp_drift_defined,converged,num_iters,batch_size,tol,rho_mean,rho2_mean,rho_min,rho_max,rho_p95,rho_p99,rho_clip,rho_clip_active
5,0.1021399731097444,0.0,0.0,False,2000,4096,1e-07,1.1479273732102844,1.32687731851292,1.056046303829311,1.3610922536833705,1.3375774641346678,1.3559902761333589,10.0,1.0
9,0.0941893131569398,0.022077442811148738,1.0,False,2000,4096,1e-07,1.1459641534911547,1.3219335926607692,1.0597188417589503,1.361090763025842,1.3330596355331124,1.356343431648808,10.0,1.0
10,0.10025375262219123,0.021282344035860625,1.0,False,2000,4096,1e-07,1.149167623316604,1.3296376132670753,1.0579550285598298,1.3609653157930357,1.335597553742919,1.3546916181962474,10.0,1.0
