iter,td_loss,td_loss_from_Q,td_loss_from_Q_abs_diff,td_loss_from_Q_rel_diff,cache_batch_size,cache_horizon,cache_valid_t
5,1.812143227309837e-05,8.088937772125147e-06,1.0032494500973223e-05,0.5536259137676807,8,200,200
9,1.5430827375421677e-05,7.530687990391154e-06,7.900139385030523e-06,0.5119712114474119,8,200,200
