iter,stability_proxy,stability_proxy_mean,stability_proxy_std,power_iters,batch_size,stability_probe_step_scale,rho_mean,rho2_mean,rho_min,rho_max,rho_p95,rho_p99,rho_clip,rho_clip_active
5,0.9999857059541961,0.9999857059541961,1.6463722767948896e-06,20,4096,2.5e-05,1.1486827305930079,1.3285918624117317,1.057093130192116,1.3610946627622293,1.3377127726161209,1.3564687133980768,10.0,1.0
9,0.9999847595960374,0.9999847595960374,1.4058990733702225e-06,20,4096,2.5e-05,1.1498129116557227,1.331243424765204,1.0560399943967402,1.3610794518774776,1.3364633196206903,1.3564437306684283,10.0,1.0
