iter,stability_proxy,power_iters,batch_size
0,0.99997843203927,20,512
1,0.9999757302423025,20,512
2,0.999967180447591,20,512
3,0.9999716817951304,20,512
4,0.9999720584644873,20,512
