iter,stability_proxy,power_iters,batch_size
19,0.9999997160736831,20,4096
39,0.9999996179696703,20,4096
59,0.9999996173839187,20,4096
79,0.9999996126818514,20,4096
