iter,mmd2,mmd_sigma,mean_l2,num_samples,dist_action_kl,dist_action_tv,action_samples
5,0.005939713324005447,2.3539040490833747,0.24938052603657052,4096,0.042995237205547175,0.11281145562084752,64
9,0.009514660752081072,2.355943920482987,0.30640452656733047,4096,0.042995237205554884,0.11295739984207054,64
