iter,w_gap,w_sharp_drift,w_sharp_drift_defined,converged,num_iters,batch_size,tol
5,0.1021399731097444,0.0,0.0,False,2000,4096,1e-07
9,0.0941893131569398,0.022077442811148738,1.0,False,2000,4096,1e-07
10,0.10025375262219123,0.021282344035860625,1.0,False,2000,4096,1e-07
