iter,stability_proxy,stability_proxy_mean,stability_proxy_std,power_iters,batch_size,stability_probe_step_scale
5,0.9999857059541961,0.9999857059541961,1.6463722767948896e-06,20,4096,2.5e-05
9,0.9999847595960374,0.9999847595960374,1.4058990733702225e-06,20,4096,2.5e-05
